,name,street_address,city,state_abb,state,postal_code,country,address,coord_lat,coord_long,num_reviews,review_score,ranking,tag,raw_visit_length,fee,description,url,geo_content,poi_type,adjusted_visit_length
0,Acadia National Park,,,ME,Maine,,United States,"Acadia National Park, Maine, USA",44.3385559,-68.2733346,,5,0,National Park,,yes,"Covering most of Mount Desert Island and other coastal islands, Acadia features the tallest mountain on the Atlantic coast of the United States, granite peaks, ocean shoreline, woodlands, and lakes. There are freshwater, estuary, forest, and intertidal habitats.",https://www.tripadvisor.com/Attractions-g143010-Activities-Acadia_National_Park_Mount_Desert_Island_Maine.html,"{u'status': u'OK', u'results': [{u'geometry': {u'location': {u'lat': 44.3385559, u'lng': -68.2733346}, u'viewport': {u'northeast': {u'lat': 44.33990488029149, u'lng': -68.2719856197085}, u'southwest': {u'lat': 44.33720691970849, u'lng': -68.27468358029151}}, u'location_type': u'APPROXIMATE'}, u'address_components': [{u'long_name': u'Acadia National Park', u'types': [u'establishment', u'park', u'point_of_interest'], u'short_name': u'Acadia National Park'}, {u'long_name': u'Maine', u'types': [u'administrative_area_level_1', u'political'], u'short_name': u'ME'}, {u'long_name': u'United States', u'types': [u'country', u'political'], u'short_name': u'US'}], u'place_id': u'ChIJJSmiDrKjrkwRhFVV_A4i32I', u'formatted_address': u'Acadia National Park, Maine, USA', u'types': [u'establishment', u'park', u'point_of_interest']}]}",NationalPark,480
1,National Park of American Samoa,,,American Samoa,American Samoa,,United States,"National Park of American Samoa, American Samoa",-14.2583333,-170.6833333,,5,0,National Park,,yes,"The southernmost national park is on three Samoan islands and protects coral reefs, rainforests, volcanic mountains, and white beaches. The area is also home to flying foxes, brown boobies, sea turtles, and 900 species of fish.",https://www.tripadvisor.com/Attractions-g143045-Activities-National_Park_of_American_Samoa_Tutuila.html,"{u'status': u'OK', u'results': [{u'geometry': {u'location': {u'lat': -14.2583333, u'lng': -170.6833333}, u'viewport': {u'northeast': {u'lat': -14.2569843197085, u'lng': -170.6819843197085}, u'southwest': {u'lat': -14.2596822802915, u'lng': -170.6846822802915}}, u'location_type': u'APPROXIMATE'}, u'address_components': [{u'long_name': u'National Park of American Samoa', u'types': [u'establishment', u'park', u'point_of_interest'], u'short_name': u'National Park of American Samoa'}, {u'long_name': u'American Samoa', u'types': [u'administrative_area_level_1', u'political'], u'short_name': u'American Samoa'}, {u'long_name': u'American Samoa', u'types': [u'country', u'political'], u'short_name': u'AS'}], u'place_id': u'ChIJRx3UY-WEpnERNJZ__Rw4Hy8', u'formatted_address': u'National Park of American Samoa, American Samoa', u'types': [u'establishment', u'park', u'point_of_interest']}]}",NationalPark,480
2,Arches National Park,,,UT,Utah,,United States,"Arches National Park, Utah, USA",38.733081,-109.5925139,,5,0,National Park,,yes,"This site features more than 2,000 natural sandstone arches, with some of the most popular arches in the park being Delicate Arch, Landscape Arch and Double Arch. Millions of years of erosion have created these structures located in a desert climate where the arid ground has life-sustaining biological soil crusts and potholes that serve as natural water-collecting basins. Other geologic formations include stone pinnacles, fins, and balancing rocks.",https://www.tripadvisor.com/Attractions-g143011-Activities-Arches_National_Park_Utah.html,"{u'status': u'OK', u'results': [{u'geometry': {u'location': {u'lat': 38.733081, u'lng': -109.5925139}, u'viewport': {u'northeast': {u'lat': 38.73442998029149, u'lng': -109.5911649197085}, u'southwest': {u'lat': 38.7317320197085, u'lng': -109.5938628802915}}, u'location_type': u'APPROXIMATE'}, u'address_components': [{u'long_name': u'Arches National Park', u'types': [u'establishment', u'park', u'point_of_interest'], u'short_name': u'Arches National Park'}, {u'long_name': u'Grand County', u'types': [u'administrative_area_level_2', u'political'], u'short_name': u'Grand County'}, {u'long_name': u'Utah', u'types': [u'administrative_area_level_1', u'political'], u'short_name': u'UT'}, {u'long_name': u'United States', u'types': [u'country', u'political'], u'short_name': u'US'}], u'place_id': u'ChIJUaoNhhr2yoARlcQo0WnqQk8', u'formatted_address': u'Arches National Park, Utah, USA', u'types': [u'establishment', u'park', u'point_of_interest']}]}",NationalPark,480
3,Badlands National Park,,,SD,South Dakota,,United States,"Badlands National Park, South Dakota, USA",43.8553804,-102.3396912,,5,0,National Park,,yes,"The Badlands are a collection of buttes, pinnacles, spires, and mixed-grass prairies. The White River Badlands contain the largest assemblage of known late Eocene and Oligocene mammal fossils. The wildlife includes bison, bighorn sheep, black-footed ferrets, and prairie dogs.",https://www.tripadvisor.com/Attractions-g143012-Activities-Badlands_National_Park_South_Dakota.html,"{u'status': u'OK', u'results': [{u'geometry': {u'location': {u'lat': 43.8553804, u'lng': -102.3396912}, u'viewport': {u'northeast': {u'lat': 43.8567293802915, u'lng': -102.3383422197085}, u'southwest': {u'lat': 43.8540314197085, u'lng': -102.3410401802915}}, u'location_type': u'APPROXIMATE'}, u'address_components': [{u'long_name': u'Badlands National Park', u'types': [u'establishment', u'park', u'point_of_interest'], u'short_name': u'Badlands National Park'}, {u'long_name': u'South Dakota', u'types': [u'administrative_area_level_1', u'political'], u'short_name': u'SD'}, {u'long_name': u'United States', u'types': [u'country', u'political'], u'short_name': u'US'}], u'place_id': u'ChIJIyAFGAyHfocR8Hfm2jFeaGk', u'formatted_address': u'Badlands National Park, South Dakota, USA', u'types': [u'establishment', u'park', u'point_of_interest']}]}",NationalPark,480
4,Big Bend National Park,,Big Bend National Park,TX,Texas,,United States,"Big Bend National Park, TX, USA",29.1274869,-103.2425379,,5,0,National Park,,yes,"Named for the prominent bend in the Rio Grande along the US–Mexico border, this park encompasses a large and remote part of the Chihuahuan Desert. Its main attraction is backcountry recreation in the arid Chisos Mountains and in canyons along the river. A wide variety of Cretaceous and Tertiary fossils as well as cultural artifacts of Native Americans also exist within its borders. (BR)",https://www.tripadvisor.com/Attractions-g60733-Activities-Big_Bend_National_Park_Texas.html,"{u'status': u'OK', u'results': [{u'geometry': {u'location': {u'lat': 29.1274869, u'lng': -103.2425379}, u'viewport': {u'northeast': {u'lat': 29.6801108, u'lng': -102.8932829}, u'southwest': {u'lat': 28.9883808, u'lng': -103.6814858}}, u'location_type': u'APPROXIMATE'}, u'address_components': [{u'long_name': u'Big Bend National Park', u'types': [u'establishment', u'park', u'point_of_interest'], u'short_name': u'Big Bend National Park'}, {u'long_name': u'Big Bend National Park', u'types': [u'locality', u'political'], u'short_name': u'Big Bend National Park'}, {u'long_name': u'Brewster County', u'types': [u'administrative_area_level_2', u'political'], u'short_name': u'Brewster County'}, {u'long_name': u'Texas', u'types': [u'administrative_area_level_1', u'political'], u'short_name': u'TX'}, {u'long_name': u'United States', u'types': [u'country', u'political'], u'short_name': u'US'}], u'place_id': u'ChIJK-_lS3AX8oYRD4WDJ7x9RmQ', u'formatted_address': u'Big Bend National Park, TX, USA', u'types': [u'establishment', u'park', u'point_of_interest']}]}",NationalPark,480
5,Biscayne National Park,,,FL,Florida,,United States,"Biscayne National Park, Florida, USA",25.4824229,-80.2083103,,5,0,National Park,,yes,"Located in Biscayne Bay, this park at the north end of the Florida Keys has four interrelated marine ecosystems: mangrove forest, the Bay, the Keys, and coral reefs. Threatened animals include the West Indian manatee, American crocodile, various sea turtles, and peregrine falcon.",https://www.tripadvisor.com/Attractions-g143013-Activities-Biscayne_National_Park_Florida.html,"{u'status': u'OK', u'results': [{u'geometry': {u'location': {u'lat': 25.4824229, u'lng': -80.20831030000001}, u'viewport': {u'northeast': {u'lat': 25.4837718802915, u'lng': -80.20696131970851}, u'southwest': {u'lat': 25.4810739197085, u'lng': -80.20965928029152}}, u'location_type': u'APPROXIMATE'}, u'address_components': [{u'long_name': u'Biscayne National Park', u'types': [u'establishment', u'park', u'point_of_interest'], u'short_name': u'Biscayne National Park'}, {u'long_name': u'Florida', u'types': [u'administrative_area_level_1', u'political'], u'short_name': u'FL'}, {u'long_name': u'United States', u'types': [u'country', u'political'], u'short_name': u'US'}], u'place_id': u'ChIJK4Wkv7jb2YgRv7LTOSIRIRI', u'formatted_address': u'Biscayne National Park, Florida, USA', u'types': [u'establishment', u'park', u'point_of_interest']}]}",NationalPark,480
6,Black Canyon Of The Gunnison National Park,,,CO,Colorado,,United States,"Black Canyon of the Gunnison National Park, Colorado, USA",38.5753936,-107.7415961,,5,0,National Park,,yes,"The park protects a quarter of the Gunnison River, which slices sheer canyon walls from dark Precambrian-era rock. The canyon features some of the steepest cliffs and oldest rock in North America, and is a popular site for river rafting and rock climbing. The deep, narrow canyon is composed of gneiss and schist which appears black when in shadow.",https://www.tripadvisor.com/Attractions-g143014-Activities-Black_Canyon_Of_The_Gunnison_National_Park_Colorado.html,"{u'status': u'OK', u'results': [{u'geometry': {u'location': {u'lat': 38.5753936, u'lng': -107.7415961}, u'viewport': {u'northeast': {u'lat': 38.5767425802915, u'lng': -107.7402471197085}, u'southwest': {u'lat': 38.5740446197085, u'lng': -107.7429450802915}}, u'location_type': u'APPROXIMATE'}, u'address_components': [{u'long_name': u'Black Canyon of the Gunnison National Park', u'types': [u'establishment', u'park', u'point_of_interest'], u'short_name': u'Black Canyon of the Gunnison National Park'}, {u'long_name': u'Montrose County', u'types': [u'administrative_area_level_2', u'political'], u'short_name': u'Montrose County'}, {u'long_name': u'Colorado', u'types': [u'administrative_area_level_1', u'political'], u'short_name': u'CO'}, {u'long_name': u'United States', u'types': [u'country', u'political'], u'short_name': u'US'}], u'place_id': u'ChIJ8Wo3SfxeP4cRvIuts5LWMT8', u'formatted_address': u'Black Canyon of the Gunnison National Park, Colorado, USA', u'types': [u'establishment', u'park', u'point_of_interest']}]}",NationalPark,480
7,Bryce Canyon National Park,,,UT,Utah,,United States,"Bryce Canyon National Park, Utah, USA",37.5930377,-112.1870895,,5,0,National Park,,yes,"Bryce Canyon is a geological amphitheater on the Paunsaugunt Plateau with hundreds of tall, multicolored sandstone hoodoos formed by erosion. The region was originally settled by Native Americans and later by Mormon pioneers.",https://www.tripadvisor.com/Attractions-g143015-Activities-Bryce_Canyon_National_Park_Utah.html,"{u'status': u'OK', u'results': [{u'geometry': {u'location': {u'lat': 37.5930377, u'lng': -112.1870895}, u'viewport': {u'northeast': {u'lat': 37.5943866802915, u'lng': -112.1857405197085}, u'southwest': {u'lat': 37.5916887197085, u'lng': -112.1884384802915}}, u'location_type': u'APPROXIMATE'}, u'address_components': [{u'long_name': u'Bryce Canyon National Park', u'types': [u'establishment', u'park', u'point_of_interest'], u'short_name': u'Bryce Canyon National Park'}, {u'long_name': u'Utah', u'types': [u'administrative_area_level_1', u'political'], u'short_name': u'UT'}, {u'long_name': u'United States', u'types': [u'country', u'political'], u'short_name': u'US'}], u'place_id': u'ChIJLevDAsZrNYcRBm2svvvY6Ws', u'formatted_address': u'Bryce Canyon National Park, Utah, USA', u'types': [u'establishment', u'park', u'point_of_interest']}]}",NationalPark,480
8,Canyonlands National Park,,,UT,Utah,,United States,"Canyonlands National Park, Utah, USA",38.3268693,-109.8782592,,5,0,National Park,,yes,"This landscape was eroded into a maze of canyons, buttes, and mesas by the combined efforts of the Colorado River, Green River, and their tributaries, which divide the park into three districts. The park also contains rock pinnacles and arches, as well as artifacts from Ancient Pueblo peoples.",https://www.tripadvisor.com/Attractions-g143016-Activities-Canyonlands_National_Park_Utah.html,"{u'status': u'OK', u'results': [{u'geometry': {u'location': {u'lat': 38.3268693, u'lng': -109.8782592}, u'viewport': {u'northeast': {u'lat': 38.3282182802915, u'lng': -109.8769102197085}, u'southwest': {u'lat': 38.3255203197085, u'lng': -109.8796081802915}}, u'location_type': u'APPROXIMATE'}, u'address_components': [{u'long_name': u'Canyonlands National Park', u'types': [u'establishment', u'park', u'point_of_interest'], u'short_name': u'Canyonlands National Park'}, {u'long_name': u'Utah', u'types': [u'administrative_area_level_1', u'political'], u'short_name': u'UT'}, {u'long_name': u'United States', u'types': [u'country', u'political'], u'short_name': u'US'}], u'place_id': u'ChIJqaYYRe7hR4cRquYCxalSpBU', u'formatted_address': u'Canyonlands National Park, Utah, USA', u'types': [u'establishment', u'park', u'point_of_interest']}]}",NationalPark,480
9,Capitol Reef National Park,,,UT,Utah,,United States,"Capitol Reef National Park, Utah, USA",38.3669703,-111.2615042,,5,0,National Park,,yes,"The park's Waterpocket Fold is a 100-mile (160 km) monocline that exhibits the earth's diverse geologic layers. Other natural features include monoliths, cliffs, and sandstone domes shaped like the United States Capitol.",https://www.tripadvisor.com/Attractions-g143017-Activities-Capitol_Reef_National_Park_Utah.html,"{u'status': u'OK', u'results': [{u'geometry': {u'location': {u'lat': 38.3669703, u'lng': -111.2615042}, u'viewport': {u'northeast': {u'lat': 38.36831928029149, u'lng': -111.2601552197085}, u'southwest': {u'lat': 38.3656213197085, u'lng': -111.2628531802915}}, u'location_type': u'APPROXIMATE'}, u'address_components': [{u'long_name': u'Capitol Reef National Park', u'types': [u'establishment', u'park', u'point_of_interest'], u'short_name': u'Capitol Reef National Park'}, {u'long_name': u'Utah', u'types': [u'administrative_area_level_1', u'political'], u'short_name': u'UT'}, {u'long_name': u'United States', u'types': [u'country', u'political'], u'short_name': u'US'}], u'place_id': u'ChIJU6LnB_8ASocRB_9PSFPsO94', u'formatted_address': u'Capitol Reef National Park, Utah, USA', u'types': [u'establishment', u'park', u'point_of_interest']}]}",NationalPark,480
10,Carlsbad Caverns National Park,,,NM,New Mexico,88220,United States,"Carlsbad Caverns National Park, New Mexico 88220, USA",32.1478553,-104.5567138,,5,0,National Park,,yes,"Carlsbad Caverns has 117 caves, the longest of which is over 120 miles (190 km) long. The Big Room is almost 4,000 feet (1,200 m) long, and the caves are home to over 400,000 Mexican free-tailed bats and sixteen other species. Above ground are the Chihuahuan Desert and Rattlesnake Springs. (WHS)",https://www.tripadvisor.com/Attractions-g143018-Activities-Carlsbad_Caverns_National_Park_New_Mexico.html,"{u'status': u'OK', u'results': [{u'geometry': {u'location': {u'lat': 32.1478553, u'lng': -104.5567138}, u'viewport': {u'northeast': {u'lat': 32.14920428029149, u'lng': -104.5553648197085}, u'southwest': {u'lat': 32.14650631970849, u'lng': -104.5580627802915}}, u'location_type': u'APPROXIMATE'}, u'address_components': [{u'long_name': u'Carlsbad Caverns National Park', u'types': [u'establishment', u'park', u'point_of_interest'], u'short_name': u'Carlsbad Caverns National Park'}, {u'long_name': u'Eddy County', u'types': [u'administrative_area_level_2', u'political'], u'short_name': u'Eddy County'}, {u'long_name': u'New Mexico', u'types': [u'administrative_area_level_1', u'political'], u'short_name': u'NM'}, {u'long_name': u'United States', u'types': [u'country', u'political'], u'short_name': u'US'}, {u'long_name': u'88220', u'types': [u'postal_code'], u'short_name': u'88220'}], u'place_id': u'ChIJW9e4xBN544YRvbI7vfc91G4', u'formatted_address': u'Carlsbad Caverns National Park, New Mexico 88220, USA', u'types': [u'establishment', u'park', u'point_of_interest']}]}",NationalPark,480
11,Channel Islands National Park,,Ventura,CA,California,93001,United States,"Channel Islands National Park, Ventura, CA 93001, USA",34.002611,-119.7099239,,5,0,National Park,,yes,"Five of the eight Channel Islands are protected, and half of the park's area is underwater. The islands have a unique Mediterranean ecosystem originally settled by the Chumash people. They are home to over 2,000 species of land plants and animals, and 145 are unique to them, including the island fox. Ferry services offer transportation to the islands from the mainland. (BR)",https://www.tripadvisor.com/Attractions-g143019-Activities-Channel_Islands_National_Park_California.html,"{u'status': u'OK', u'results': [{u'geometry': {u'location': {u'lat': 34.002611, u'lng': -119.7099239}, u'viewport': {u'northeast': {u'lat': 34.0039599802915, u'lng': -119.7085749197085}, u'southwest': {u'lat': 34.00126201970851, u'lng': -119.7112728802915}}, u'location_type': u'APPROXIMATE'}, u'address_components': [{u'long_name': u'Channel Islands National Park', u'types': [u'establishment', u'park', u'point_of_interest'], u'short_name': u'Channel Islands National Park'}, {u'long_name': u'Ventura', u'types': [u'locality', u'political'], u'short_name': u'Ventura'}, {u'long_name': u'California', u'types': [u'administrative_area_level_1', u'political'], u'short_name': u'CA'}, {u'long_name': u'United States', u'types': [u'country', u'political'], u'short_name': u'US'}, {u'long_name': u'93001', u'types': [u'postal_code'], u'short_name': u'93001'}], u'place_id': u'ChIJFXm2LM5S6IARzDo6cliV5PU', u'formatted_address': u'Channel Islands National Park, Ventura, CA 93001, USA', u'types': [u'establishment', u'park', u'point_of_interest']}]}",NationalPark,480
12,Congaree National Park,100 National Park Rd,Hopkins,SC,SC,29061-9118,United States,"100 National Park Rd, Hopkins, SC, 29061, United States",33.8296531,-80.8233805,323,5,0,"National Parks, Nature & Parks",,yes,"On the Congaree River, this park is the largest portion of old-growth floodplain forest left in North America. Some of the trees are the tallest in the eastern United States. An elevated walkway called the Boardwalk Loop guides visitors through the swamp. (BR)",https://www.tripadvisor.com/Attraction_Review-g60777-d143108-Reviews-Congaree_National_Park-Hopkins_South_Carolina.html,"{u'status': u'OK', u'results': [{u'geometry': {u'location_type': u'ROOFTOP', u'bounds': {u'northeast': {u'lat': 33.8297833, u'lng': -80.8229211}, u'southwest': {u'lat': 33.8295229, u'lng': -80.8238399}}, u'viewport': {u'northeast': {u'lat': 33.83100208029149, u'lng': -80.8220315197085}, u'southwest': {u'lat': 33.8283041197085, u'lng': -80.82472948029151}}, u'location': {u'lat': 33.8296531, u'lng': -80.82338050000001}}, u'address_components': [{u'long_name': u'100', u'types': [u'street_number'], u'short_name': u'100'}, {u'long_name': u'National Park Road', u'types': [u'route'], u'short_name': u'National Park Rd'}, {u'long_name': u'Hopkins', u'types': [u'locality', u'political'], u'short_name': u'Hopkins'}, {u'long_name': u'Richland County', u'types': [u'administrative_area_level_2', u'political'], u'short_name': u'Richland County'}, {u'long_name': u'South Carolina', u'types': [u'administrative_area_level_1', u'political'], u'short_name': u'SC'}, {u'long_name': u'United States', u'types': [u'country', u'political'], u'short_name': u'US'}, {u'long_name': u'29061', u'types': [u'postal_code'], u'short_name': u'29061'}], u'place_id': u'ChIJSTv8Wka1-IgRIniaK88rzIY', u'formatted_address': u'100 National Park Rd, Hopkins, SC 29061, USA', u'types': [u'premise']}]}",NationalPark,180
13,Crater Lake National Park,,,OR,Oregon,,United States,"Crater Lake National Park, Oregon, USA",42.8684411,-122.1684785,,5,0,National Park,,yes,"Crater Lake lies in the caldera of an ancient volcano called Mount Mazama that collapsed 7,700 years ago. It is the deepest lake in the United States and is noted for its vivid blue color and water clarity. There are two more recent volcanic islands in the lake, and, with no inlets or outlets, all water comes through precipitation.",https://www.tripadvisor.com/Attractions-g143020-Activities-Crater_Lake_National_Park_Oregon.html,"{u'status': u'OK', u'results': [{u'geometry': {u'location': {u'lat': 42.8684411, u'lng': -122.1684785}, u'viewport': {u'northeast': {u'lat': 42.86979008029149, u'lng': -122.1671295197085}, u'southwest': {u'lat': 42.8670921197085, u'lng': -122.1698274802915}}, u'location_type': u'APPROXIMATE'}, u'address_components': [{u'long_name': u'Crater Lake National Park', u'types': [u'establishment', u'park', u'point_of_interest'], u'short_name': u'Crater Lake National Park'}, {u'long_name': u'Oregon', u'types': [u'administrative_area_level_1', u'political'], u'short_name': u'OR'}, {u'long_name': u'United States', u'types': [u'country', u'political'], u'short_name': u'US'}], u'place_id': u'ChIJOePlQAgXxlQRo-MvReHyK5A', u'formatted_address': u'Crater Lake National Park, Oregon, USA', u'types': [u'establishment', u'park', u'point_of_interest']}]}",NationalPark,480
14,Cuyahoga Valley National Park,15610 Vaughn Rd,Brecksville,OH,OH,44141-3018,United States,"15610 Vaughn Rd, Brecksville, OH, 44141, United States",41.2883659,-81.5735465,500,5,0,"National Parks, Nature & Parks",,yes,"This park along the Cuyahoga River has waterfalls, hills, trails, and exhibits on early rural living. The Ohio and Erie Canal Towpath Trail follows the Ohio and Erie Canal, where mules towed canal boats. The park has numerous historic homes, bridges, and structures, and also offers a scenic train ride.",https://www.tripadvisor.com/Attraction_Review-g60784-d261325-Reviews-Cuyahoga_Valley_National_Park-Brecksville_Ohio.html,"{u'status': u'OK', u'results': [{u'geometry': {u'location': {u'lat': 41.2883659, u'lng': -81.57354649999999}, u'viewport': {u'northeast': {u'lat': 41.28971488029149, u'lng': -81.57219751970848}, u'southwest': {u'lat': 41.28701691970849, u'lng': -81.5748954802915}}, u'location_type': u'ROOFTOP'}, u'address_components': [{u'long_name': u'15610', u'types': [u'street_number'], u'short_name': u'15610'}, {u'long_name': u'Vaughn Road', u'types': [u'route'], u'short_name': u'Vaughn Rd'}, {u'long_name': u'Brecksville', u'types': [u'locality', u'political'], u'short_name': u'Brecksville'}, {u'long_name': u'Cuyahoga County', u'types': [u'administrative_area_level_2', u'political'], u'short_name': u'Cuyahoga County'}, {u'long_name': u'Ohio', u'types': [u'administrative_area_level_1', u'political'], u'short_name': u'OH'}, {u'long_name': u'United States', u'types': [u'country', u'political'], u'short_name': u'US'}, {u'long_name': u'44141', u'types': [u'postal_code'], u'short_name': u'44141'}, {u'long_name': u'3018', u'types': [u'postal_code_suffix'], u'short_name': u'3018'}], u'place_id': u'ChIJDV_mYibeMIgRbct2CJLIN-E', u'formatted_address': u'15610 Vaughn Rd, Brecksville, OH 44141, USA', u'types': [u'street_address']}]}",NationalPark,180
15,Death Valley National Park,,,,California,,United States,"Death Valley National Park, United States",36.5053891,-117.0794078,,5,0,National Park,,yes,"Death Valley is the hottest, lowest, and driest place in the United States. Daytime temperatures have topped 130 °F (54 °C) and it is home to Badwater Basin, the lowest elevation in North America. The park contains canyons, badlands, sand dunes, and mountain ranges, while more than 1000 species of plants grow in this geologic graben. Additional points of interest include salt flats, historic mines, and springs. (BR)",https://www.tripadvisor.com/Attractions-g143021-Activities-Death_Valley_National_Park_California.html,"{u'status': u'OK', u'results': [{u'geometry': {u'location': {u'lat': 36.5053891, u'lng': -117.0794078}, u'viewport': {u'northeast': {u'lat': 36.5067380802915, u'lng': -117.0780588197085}, u'southwest': {u'lat': 36.5040401197085, u'lng': -117.0807567802915}}, u'location_type': u'APPROXIMATE'}, u'address_components': [{u'long_name': u'Death Valley National Park', u'types': [u'establishment', u'park', u'point_of_interest'], u'short_name': u'Death Valley National Park'}, {u'long_name': u'United States', u'types': [u'country', u'political'], u'short_name': u'US'}], u'place_id': u'ChIJR4qudndLx4ARVLDye3zwycw', u'formatted_address': u'Death Valley National Park, United States', u'types': [u'establishment', u'park', u'point_of_interest']}]}",NationalPark,480
16,Denali National Park and Preserve,George Parks Highway,Denali National Park and Preserve,AK,Alaska,,United States,"Denali National Park and Preserve, George Parks Hwy, Denali National Park and Preserve, AK, USA",63.1148002,-151.1926058,,5,0,National Park,,yes,"Centered on Denali, the tallest mountain in North America, Denali is serviced by a single road leading to Wonder Lake. Denali and other peaks of the Alaska Range are covered with long glaciers and boreal forest. Wildlife includes grizzly bears, Dall sheep, caribou, and gray wolves. (BR)",https://www.tripadvisor.com/Attractions-g143022-Activities-Denali_National_Park_and_Preserve_Alaska.html,"{u'status': u'OK', u'results': [{u'geometry': {u'location': {u'lat': 63.1148002, u'lng': -151.1926058}, u'viewport': {u'northeast': {u'lat': 63.821775, u'lng': -149.5679287}, u'southwest': {u'lat': 62.60554500000001, u'lng': -152.663705}}, u'location_type': u'APPROXIMATE'}, u'address_components': [{u'long_name': u'Denali National Park and Preserve', u'types': [u'establishment', u'park', u'point_of_interest'], u'short_name': u'Denali National Park and Preserve'}, {u'long_name': u'George Parks Highway', u'types': [u'route'], u'short_name': u'George Parks Hwy'}, {u'long_name': u'Denali National Park and Preserve', u'types': [u'locality', u'political'], u'short_name': u'Denali National Park and Preserve'}, {u'long_name': u'Alaska', u'types': [u'administrative_area_level_1', u'political'], u'short_name': u'AK'}, {u'long_name': u'United States', u'types': [u'country', u'political'], u'short_name': u'US'}], u'place_id': u'ChIJBRbQiP_zzVYRpTYZExU7tcY', u'formatted_address': u'Denali National Park and Preserve, George Parks Hwy, Denali National Park and Preserve, AK, USA', u'types': [u'establishment', u'park', u'point_of_interest']}]}",NationalPark,480
17,Dry Tortugas National Park,,,FL,Florida,,United States,"Dry Tortugas National Park, Florida, United States",24.628477,-82.8731874,,5,0,National Park,,yes,"The islands of the Dry Tortugas, at the westernmost end of the Florida Keys, are the site of Fort Jefferson, a Civil War-era fort that is the largest masonry structure in the Western Hemisphere. With most of the park being remote ocean, it is home to undisturbed coral reefs and shipwrecks and is only accessible by plane or boat. (BR)",https://www.tripadvisor.com/Attractions-g143023-Activities-Dry_Tortugas_National_Park_Florida_Keys_Florida.html,"{u'status': u'OK', u'results': [{u'geometry': {u'location': {u'lat': 24.628477, u'lng': -82.87318739999999}, u'viewport': {u'northeast': {u'lat': 24.6298259802915, u'lng': -82.8718384197085}, u'southwest': {u'lat': 24.6271280197085, u'lng': -82.8745363802915}}, u'location_type': u'APPROXIMATE'}, u'address_components': [{u'long_name': u'Dry Tortugas National Park', u'types': [u'establishment', u'park', u'point_of_interest'], u'short_name': u'Dry Tortugas National Park'}, {u'long_name': u'Florida', u'types': [u'administrative_area_level_1', u'political'], u'short_name': u'FL'}, {u'long_name': u'United States', u'types': [u'country', u'political'], u'short_name': u'US'}], u'place_id': u'ChIJV_YGBNFVzogRoR0zV_0OsVs', u'formatted_address': u'Dry Tortugas National Park, Florida, United States', u'types': [u'establishment', u'park', u'point_of_interest']}]}",NationalPark,480
18,Everglades National Park,,,FL,Florida,,United States,"Everglades National Park, Florida, USA",25.2866155,-80.8986509,,5,0,National Park,,yes,"The Everglades are the largest tropical wilderness in the United States. This mangrove and tropical rainforest ecosystem and marine estuary is home to 36 protected species, including the Florida panther, American crocodile, and West Indian manatee. Some areas have been drained and developed; restoration projects aim to restore the ecology. (WHS) (BR)",https://www.tripadvisor.com/Attractions-g143024-Activities-Everglades_National_Park_Florida.html,"{u'status': u'OK', u'results': [{u'geometry': {u'location': {u'lat': 25.2866155, u'lng': -80.89865089999999}, u'viewport': {u'northeast': {u'lat': 25.2879644802915, u'lng': -80.89730191970848}, u'southwest': {u'lat': 25.2852665197085, u'lng': -80.8999998802915}}, u'location_type': u'APPROXIMATE'}, u'address_components': [{u'long_name': u'Everglades National Park', u'types': [u'establishment', u'park', u'point_of_interest'], u'short_name': u'Everglades National Park'}, {u'long_name': u'Florida', u'types': [u'administrative_area_level_1', u'political'], u'short_name': u'FL'}, {u'long_name': u'United States', u'types': [u'country', u'political'], u'short_name': u'US'}], u'place_id': u'ChIJ2wVsejCo0IgRlzEvdlY-4A8', u'formatted_address': u'Everglades National Park, Florida, USA', u'types': [u'establishment', u'park', u'point_of_interest']}]}",NationalPark,480
19,Gates Of The Arctic National Park and Preserve,,,,Alaska,,United States,"Gates of the Arctic National Park and Preserve, Airport Rd, Bettles, AK 99726, USA",67.9146297,-153.4637907,,5,0,National Park,,yes,"The country's northernmost park protects an expanse of pure wilderness in Alaska's Brooks Range and has no park facilities. The land is home to Alaska Natives who have relied on the land and caribou for 11,000 years.",https://www.tripadvisor.com/Attractions-g143025-Activities-Gates_Of_The_Arctic_National_Park_and_Preserve_Alaska.html,"{u'status': u'OVER_QUERY_LIMIT', u'error_message': u'You have exceeded your rate-limit for this API.', u'results': []}",NationalPark,480
20,Glacier National Park,,,,Montana,,United States,"Glacier National Park, Montana, USA",48.7596128,-113.7870225,,5,0,National Park,,yes,"The U.S. half of Waterton-Glacier International Peace Park, this park includes 26 glaciers and 130 named lakes surrounded by Rocky Mountain peaks. There are historic hotels and a landmark road called the Going-to-the-Sun Road in this region of rapidly receding glaciers. The local mountains, formed by an overthrust, expose Paleozoic fossils including trilobites, mollusks, giant ferns and dinosaurs. (WHS) (BR)",https://www.tripadvisor.com/Attractions-g143026-Activities-Glacier_National_Park_Montana.html,"{u'status': u'OVER_QUERY_LIMIT', u'error_message': u'You have exceeded your rate-limit for this API.', u'results': []}",NationalPark,480
21,Glacier Bay National Park and Preserve,,,AK,Alaska,,United States,"Glacier Bay National Park and Preserve, Alaska, USA",58.6658073,-136.9002147,,5,0,National Park,,yes,"Glacier Bay contains tidewater glaciers, mountains, fjords, and a temperate rainforest, and is home to large populations of grizzly bears, mountain goats, whales, seals, and eagles. When discovered in 1794 by George Vancouver, the entire bay was covered by ice, but the glaciers have since receded more than 65 miles (105 km). (WHS) (BR)",https://www.tripadvisor.com/Attractions-g143027-Activities-Glacier_Bay_National_Park_and_Preserve_Alaska.html,"{u'status': u'OK', u'results': [{u'geometry': {u'location': {u'lat': 58.66580729999999, u'lng': -136.9002147}, u'viewport': {u'northeast': {u'lat': 58.6671562802915, u'lng': -136.8988657197085}, u'southwest': {u'lat': 58.66445831970849, u'lng': -136.9015636802915}}, u'location_type': u'APPROXIMATE'}, u'address_components': [{u'long_name': u'Glacier Bay National Park and Preserve', u'types': [u'establishment', u'park', u'point_of_interest'], u'short_name': u'Glacier Bay National Park and Preserve'}, {u'long_name': u'Alaska', u'types': [u'administrative_area_level_1', u'political'], u'short_name': u'AK'}, {u'long_name': u'United States', u'types': [u'country', u'political'], u'short_name': u'US'}], u'place_id': u'ChIJpwhC0wkNqlYRYD228-ekk-I', u'formatted_address': u'Glacier Bay National Park and Preserve, Alaska, USA', u'types': [u'establishment', u'park', u'point_of_interest']}]}",NationalPark,480
22,Grand Canyon National Park,,,AZ,Arizona,,United States,"Grand Canyon National Park, Arizona, USA",36.1069652,-112.1129972,,5,0,National Park,,yes,"The Grand Canyon, carved by the mighty Colorado River, is 277 miles (446 km) long, up to 1 mile (1.6 km) deep, and up to 15 miles (24 km) wide. Millions of years of erosion have exposed the multicolored layers of the Colorado Plateau in mesas and canyon walls, visible from both the north and south rims, or from a number of trails that descend into the canyon itself. (WHS)",https://www.tripadvisor.com/Attractions-g143028-Activities-Grand_Canyon_National_Park_Arizona.html,"{u'status': u'OK', u'results': [{u'geometry': {u'location': {u'lat': 36.1069652, u'lng': -112.1129972}, u'viewport': {u'northeast': {u'lat': 36.10831418029149, u'lng': -112.1116482197085}, u'southwest': {u'lat': 36.1056162197085, u'lng': -112.1143461802915}}, u'location_type': u'APPROXIMATE'}, u'address_components': [{u'long_name': u'Grand Canyon National Park', u'types': [u'establishment', u'park', u'point_of_interest'], u'short_name': u'Grand Canyon National Park'}, {u'long_name': u'Arizona', u'types': [u'administrative_area_level_1', u'political'], u'short_name': u'AZ'}, {u'long_name': u'United States', u'types': [u'country', u'political'], u'short_name': u'US'}], u'place_id': u'ChIJFU2bda4SM4cRKSCRyb6pOB8', u'formatted_address': u'Grand Canyon National Park, Arizona, USA', u'types': [u'establishment', u'park', u'point_of_interest']}]}",NationalPark,480
23,Grand Teton National Park,,,WY,Wyoming,,United States,"Grand Teton National Park, Wyoming, USA",43.7904282,-110.6817627,,5,0,National Park,,yes,"Grand Teton is the tallest mountain in the Teton Range. The park's historic Jackson Hole and reflective piedmont lakes teem with endemic wildlife, with a backdrop of craggy mountains that rise abruptly from the sage-covered valley.",https://www.tripadvisor.com/Attractions-g143029-Activities-Grand_Teton_National_Park_Wyoming.html,"{u'status': u'OK', u'results': [{u'geometry': {u'location': {u'lat': 43.7904282, u'lng': -110.6817627}, u'viewport': {u'northeast': {u'lat': 43.7917771802915, u'lng': -110.6804137197085}, u'southwest': {u'lat': 43.7890792197085, u'lng': -110.6831116802915}}, u'location_type': u'APPROXIMATE'}, u'address_components': [{u'long_name': u'Grand Teton National Park', u'types': [u'campground', u'establishment', u'lodging', u'park', u'point_of_interest'], u'short_name': u'Grand Teton National Park'}, {u'long_name': u'Teton County', u'types': [u'administrative_area_level_2', u'political'], u'short_name': u'Teton County'}, {u'long_name': u'Wyoming', u'types': [u'administrative_area_level_1', u'political'], u'short_name': u'WY'}, {u'long_name': u'United States', u'types': [u'country', u'political'], u'short_name': u'US'}], u'place_id': u'ChIJqRtdyZ5RUlMRN6ORzI64oKU', u'formatted_address': u'Grand Teton National Park, Wyoming, USA', u'types': [u'campground', u'establishment', u'lodging', u'park', u'point_of_interest']}]}",NationalPark,480
24,Great Basin National Park,,,NV,Nevada,,United States,"Great Basin National Park, Nevada, USA",38.983333,-114.3,,5,0,National Park,,yes,"Based around Nevada's second tallest mountain, Wheeler Peak, Great Basin National Park contains 5,000-year-old bristlecone pines, a rock glacier, and the limestone Lehman Caves. Due to its remote location, the park has some of the country's darkest night skies. Wildlife includes the Townsend's big-eared bat, pronghorn, and Bonneville cutthroat trout.",https://www.tripadvisor.com/Attractions-g143030-Activities-Great_Basin_National_Park_Nevada.html,"{u'status': u'OK', u'results': [{u'geometry': {u'location': {u'lat': 38.98333299999999, u'lng': -114.3}, u'viewport': {u'northeast': {u'lat': 38.9846819802915, u'lng': -114.2986510197085}, u'southwest': {u'lat': 38.9819840197085, u'lng': -114.3013489802915}}, u'location_type': u'APPROXIMATE'}, u'address_components': [{u'long_name': u'Great Basin National Park', u'types': [u'establishment', u'park', u'point_of_interest'], u'short_name': u'Great Basin National Park'}, {u'long_name': u'White Pine County', u'types': [u'administrative_area_level_2', u'political'], u'short_name': u'White Pine County'}, {u'long_name': u'Nevada', u'types': [u'administrative_area_level_1', u'political'], u'short_name': u'NV'}, {u'long_name': u'United States', u'types': [u'country', u'political'], u'short_name': u'US'}], u'place_id': u'ChIJAw3M1yVcsYARMb2-rw911Dw', u'formatted_address': u'Great Basin National Park, Nevada, USA', u'types': [u'establishment', u'park', u'point_of_interest']}]}",NationalPark,480
25,Great Sand Dunes National Park & Preserve,,,CO,Colorado,,United States,"Great Sand Dunes National Park and Preserve, Colorado, USA",37.7915959,-105.5943276,,5,0,National Park,,yes,"The tallest sand dunes in North America, up to 750 feet (230 m) tall, were formed by deposits of the ancient Rio Grande in the San Luis Valley. Abutting a variety of grasslands, shrublands, and wetlands, the park also has alpine lakes, six 13,000-foot mountains, and old-growth forests.",https://www.tripadvisor.com/Attractions-g1511447-Activities-Great_Sand_Dunes_National_Park_Preserve_Colorado.html,"{u'status': u'OK', u'results': [{u'geometry': {u'location': {u'lat': 37.7915959, u'lng': -105.5943276}, u'viewport': {u'northeast': {u'lat': 37.7929448802915, u'lng': -105.5929786197085}, u'southwest': {u'lat': 37.7902469197085, u'lng': -105.5956765802915}}, u'location_type': u'APPROXIMATE'}, u'address_components': [{u'long_name': u'Great Sand Dunes National Park and Preserve', u'types': [u'establishment', u'park', u'point_of_interest'], u'short_name': u'Great Sand Dunes National Park and Preserve'}, {u'long_name': u'Colorado', u'types': [u'administrative_area_level_1', u'political'], u'short_name': u'CO'}, {u'long_name': u'United States', u'types': [u'country', u'political'], u'short_name': u'US'}], u'place_id': u'ChIJx8vZHeYvFIcR2YMP0IqR1zM', u'formatted_address': u'Great Sand Dunes National Park and Preserve, Colorado, USA', u'types': [u'establishment', u'park', u'point_of_interest']}]}",NationalPark,480
26,Great Smoky Mountains National Park,,,,Tennessee,,United States,"Great Smoky Mountains National Park, United States",35.6117644,-83.4895449,,5,0,National Park,,yes,"The Great Smoky Mountains, part of the Appalachian Mountains, span a wide range of elevations, making them home to over 400 vertebrate species, 100 tree species, and 5000 plant species. Hiking is the park's main attraction, with over 800 miles (1,300 km) of trails, including 70 miles (110 km) of the Appalachian Trail. Other activities include fishing, horseback riding, and touring nearly 80 historic structures. (WHS) (BR)",https://www.tripadvisor.com/Attractions-g143031-Activities-Great_Smoky_Mountains_National_Park_Tennessee.html,"{u'status': u'OK', u'results': [{u'geometry': {u'location': {u'lat': 35.6117644, u'lng': -83.4895449}, u'viewport': {u'northeast': {u'lat': 35.6131133802915, u'lng': -83.48819591970849}, u'southwest': {u'lat': 35.6104154197085, u'lng': -83.4908938802915}}, u'location_type': u'APPROXIMATE'}, u'address_components': [{u'long_name': u'Great Smoky Mountains National Park', u'types': [u'establishment', u'park', u'point_of_interest'], u'short_name': u'Great Smoky Mountains National Park'}, {u'long_name': u'United States', u'types': [u'country', u'political'], u'short_name': u'US'}], u'place_id': u'ChIJFRj7iGuYXogRYSR1p8Fvkjw', u'formatted_address': u'Great Smoky Mountains National Park, United States', u'types': [u'establishment', u'park', u'point_of_interest']}]}",NationalPark,480
27,Guadalupe Mountains National Park,,,TX,Texas,79847,United States,"Guadalupe Mountains National Park, Salt Flat, TX 79847, USA",31.94519,-104.8725221,,5,0,National Park,,yes,"This park contains Guadalupe Peak, the highest point in Texas, as well as the scenic McKittrick Canyon filled with bigtooth maples, a corner of the arid Chihuahuan Desert, and a fossilized coral reef from the Permian era.",https://www.tripadvisor.com/Attractions-g143032-Activities-Guadalupe_Mountains_National_Park_Texas.html,"{u'status': u'OK', u'results': [{u'geometry': {u'location': {u'lat': 31.94519, u'lng': -104.8725221}, u'viewport': {u'northeast': {u'lat': 31.9465389802915, u'lng': -104.8711731197085}, u'southwest': {u'lat': 31.9438410197085, u'lng': -104.8738710802915}}, u'location_type': u'APPROXIMATE'}, u'address_components': [{u'long_name': u'Guadalupe Mountains National Park', u'types': [u'establishment', u'park', u'point_of_interest'], u'short_name': u'Guadalupe Mountains National Park'}, {u'long_name': u'Salt Flat', u'types': [u'neighborhood', u'political'], u'short_name': u'Salt Flat'}, {u'long_name': u'Texas', u'types': [u'administrative_area_level_1', u'political'], u'short_name': u'TX'}, {u'long_name': u'United States', u'types': [u'country', u'political'], u'short_name': u'US'}, {u'long_name': u'79847', u'types': [u'postal_code'], u'short_name': u'79847'}], u'place_id': u'ChIJK5c3U-oZ5IYRYURfYUCDCH0', u'formatted_address': u'Guadalupe Mountains National Park, Salt Flat, TX 79847, USA', u'types': [u'establishment', u'park', u'point_of_interest']}]}",NationalPark,480
28,Haleakala National Park,,,HI,Hawaii,,United States,"Haleakalā National Park, Hawaii, USA",20.7203826,-156.1551524,,5,0,National Park,,yes,"The Haleakalā volcano on Maui features a very large crater with numerous cinder cones, Hosmer's Grove of alien trees, the Kipahulu section's scenic pools of freshwater fish, and the native Hawaiian goose. It is home to the greatest number of endangered species within a U.S. National Park. (BR)",https://www.tripadvisor.com/Attractions-g143033-Activities-Haleakala_National_Park_Maui_Hawaii.html,"{u'status': u'OK', u'results': [{u'geometry': {u'location': {u'lat': 20.7203826, u'lng': -156.1551524}, u'viewport': {u'northeast': {u'lat': 20.7217315802915, u'lng': -156.1538034197085}, u'southwest': {u'lat': 20.7190336197085, u'lng': -156.1565013802915}}, u'location_type': u'APPROXIMATE'}, u'address_components': [{u'long_name': u'Haleakal\u0101 National Park', u'types': [u'establishment', u'park', u'point_of_interest'], u'short_name': u'Haleakal\u0101 National Park'}, {u'long_name': u'Maui County', u'types': [u'administrative_area_level_2', u'political'], u'short_name': u'Maui County'}, {u'long_name': u'Hawaii', u'types': [u'administrative_area_level_1', u'political'], u'short_name': u'HI'}, {u'long_name': u'United States', u'types': [u'country', u'political'], u'short_name': u'US'}], u'place_id': u'ChIJ0UugJTS3VHkRyvT16Ij9I5w', u'formatted_address': u'Haleakalā National Park, Hawaii, USA', u'types': [u'establishment', u'park', u'point_of_interest']}]}",NationalPark,480
29,Hawaii Volcanoes National Park,,Hawaii Volcanoes National Park,HI,Hawaii,96718,United States,"Hawaiʻi Volcanoes National Park, Hawaii Volcanoes National Park, HI 96718, USA",19.4193697,-155.2884969,,5,0,National Park,,yes,"This park on the Big Island protects the Kīlauea and Mauna Loa volcanoes, two of the world's most active geological features. Diverse ecosystems range from tropical forests at sea level to barren lava beds at more than 13,000 feet (4,000 m). (WHS) (BR)",https://www.tripadvisor.com/Attractions-g143034-Activities-Hawaii_Volcanoes_National_Park_Island_of_Hawaii_Hawaii.html,"{u'status': u'OK', u'results': [{u'geometry': {u'location': {u'lat': 19.4193697, u'lng': -155.2884969}, u'viewport': {u'northeast': {u'lat': 19.4207186802915, u'lng': -155.2871479197085}, u'southwest': {u'lat': 19.4180207197085, u'lng': -155.2898458802915}}, u'location_type': u'APPROXIMATE'}, u'address_components': [{u'long_name': u'Hawai\u02bbi Volcanoes National Park', u'types': [u'establishment', u'park', u'point_of_interest'], u'short_name': u'Hawai\u02bbi Volcanoes National Park'}, {u'long_name': u'Hawaii Volcanoes National Park', u'types': [u'locality', u'political'], u'short_name': u'Hawaii Volcanoes National Park'}, {u'long_name': u'Hawaii County', u'types': [u'administrative_area_level_2', u'political'], u'short_name': u'Hawaii County'}, {u'long_name': u'Hawaii', u'types': [u'administrative_area_level_1', u'political'], u'short_name': u'HI'}, {u'long_name': u'United States', u'types': [u'country', u'political'], u'short_name': u'US'}, {u'long_name': u'96718', u'types': [u'postal_code'], u'short_name': u'96718'}], u'place_id': u'ChIJscm5wLZhUXkRJq6EPCZ7Wz4', u'formatted_address': u'Hawaiʻi Volcanoes National Park, Hawaii Volcanoes National Park, HI 96718, USA', u'types': [u'establishment', u'park', u'point_of_interest']}]}",NationalPark,480
30,Hot Springs National Park,101 Reserve St,Hot Springs,AR,AR,71901,United States,"101 Reserve St, Hot Springs, AR, 71901, United States",34.5131753,-93.0513324,457,5,0,"National Parks, Nature & Parks",,yes,"Hot Springs was established by act of Congress as a federal reserve on April 20, 1832, as such it is the oldest park managed by the National Park Service. Congress changed the reserve's designation to National Park on March 4, 1921 after the National Park Service was established in 1916. Hot Springs is the smallest and only National Park in an urban area and is based around natural hot springs that flow out of the low lying Ouachita Mountains. The springs provide opportunities for relaxation in an historic setting; Bathhouse Row preserves numerous examples of 19th-century architecture.",https://www.tripadvisor.com/Attraction_Review-g60856-d3224470-Reviews-Hot_Springs_National_Park-Hot_Springs_Arkansas.html,"{u'status': u'OK', u'results': [{u'geometry': {u'location': {u'lat': 34.5131753, u'lng': -93.05133239999999}, u'viewport': {u'northeast': {u'lat': 34.5145242802915, u'lng': -93.04998341970848}, u'southwest': {u'lat': 34.5118263197085, u'lng': -93.0526813802915}}, u'location_type': u'ROOFTOP'}, u'address_components': [{u'long_name': u'101', u'types': [u'street_number'], u'short_name': u'101'}, {u'long_name': u'Reserve Street', u'types': [u'route'], u'short_name': u'Reserve St'}, {u'long_name': u'Hot Springs', u'types': [u'locality', u'political'], u'short_name': u'Hot Springs'}, {u'long_name': u'Hot Springs Township', u'types': [u'administrative_area_level_3', u'political'], u'short_name': u'Hot Springs Township'}, {u'long_name': u'Garland County', u'types': [u'administrative_area_level_2', u'political'], u'short_name': u'Garland County'}, {u'long_name': u'Arkansas', u'types': [u'administrative_area_level_1', u'political'], u'short_name': u'AR'}, {u'long_name': u'United States', u'types': [u'country', u'political'], u'short_name': u'US'}, {u'long_name': u'71901', u'types': [u'postal_code'], u'short_name': u'71901'}], u'place_id': u'ChIJS8wtJwErzYcRHdHHClQ6ubI', u'formatted_address': u'101 Reserve St, Hot Springs, AR 71901, USA', u'types': [u'street_address']}]}",NationalPark,180
31,Isle Royale National Park,,,MI,Michigan,,United States,"Isle Royale National Park, Michigan, USA",47.9958654,-88.9092899,,5,0,National Park,,yes,"The largest island in Lake Superior is a place of isolation and wilderness. Along with its many shipwrecks, waterways, and hiking trails, the park also includes over 400 smaller islands within 4.5 miles (7.2 km) of its shores. There are only 20 mammal species on the entire island, though the relationship between its wolf and moose populations is especially unique. (BR)",https://www.tripadvisor.com/Attractions-g143036-Activities-Isle_Royale_National_Park_Michigan.html,"{u'status': u'OK', u'results': [{u'geometry': {u'location': {u'lat': 47.9958654, u'lng': -88.9092899}, u'viewport': {u'northeast': {u'lat': 47.9972143802915, u'lng': -88.90794091970851}, u'southwest': {u'lat': 47.9945164197085, u'lng': -88.91063888029151}}, u'location_type': u'APPROXIMATE'}, u'address_components': [{u'long_name': u'Isle Royale National Park', u'types': [u'establishment', u'natural_feature', u'park', u'point_of_interest'], u'short_name': u'Isle Royale National Park'}, {u'long_name': u'Keweenaw County', u'types': [u'administrative_area_level_2', u'political'], u'short_name': u'Keweenaw County'}, {u'long_name': u'Michigan', u'types': [u'administrative_area_level_1', u'political'], u'short_name': u'MI'}, {u'long_name': u'United States', u'types': [u'country', u'political'], u'short_name': u'US'}], u'place_id': u'ChIJoZYDbByDWU0RXzugIWJZcsI', u'formatted_address': u'Isle Royale National Park, Michigan, USA', u'types': [u'establishment', u'natural_feature', u'park', u'point_of_interest']}]}",NationalPark,480
32,Joshua Tree National Park,,,CA,California,,United States,"Joshua Tree National Park, California, USA",33.873415,-115.9009923,,5,0,National Park,,yes,"Covering large areas of the Colorado and Mojave Deserts and the Little San Bernardino Mountains, this desert landscape is populated by vast stands of Joshua trees. Large changes in elevation reveal various contrasting environments including bleached sand dunes, dry lakes, rugged mountains, and maze-like clusters of monzogranite monoliths. (BR)",https://www.tripadvisor.com/Attractions-g143037-Activities-Joshua_Tree_National_Park_California.html,"{u'status': u'OK', u'results': [{u'geometry': {u'location': {u'lat': 33.873415, u'lng': -115.9009923}, u'viewport': {u'northeast': {u'lat': 33.8747639802915, u'lng': -115.8996433197085}, u'southwest': {u'lat': 33.87206601970851, u'lng': -115.9023412802915}}, u'location_type': u'APPROXIMATE'}, u'address_components': [{u'long_name': u'Joshua Tree National Park', u'types': [u'establishment', u'park', u'point_of_interest'], u'short_name': u'Joshua Tree National Park'}, {u'long_name': u'California', u'types': [u'administrative_area_level_1', u'political'], u'short_name': u'CA'}, {u'long_name': u'United States', u'types': [u'country', u'political'], u'short_name': u'US'}], u'place_id': u'ChIJe6hluYWP2oAR4p3rOqftdxk', u'formatted_address': u'Joshua Tree National Park, California, USA', u'types': [u'establishment', u'park', u'point_of_interest']}]}",NationalPark,480
33,Katmai National Park and Preserve,,King Salmon,AK,Alaska,99613,United States,"Katmai National Park and Preserve, King Salmon, AK 99613, USA",58.5975286,-154.6937285,,5,0,National Park,,yes,"This park on the Alaska Peninsula protects the Valley of Ten Thousand Smokes, an ash flow formed by the 1912 eruption of Novarupta, as well as Mount Katmai. Over 2,000 grizzly bears come here each year to catch spawning salmon. Other wildlife includes caribou, wolves, moose, and wolverines.",https://www.tripadvisor.com/Attractions-g143038-Activities-Katmai_National_Park_and_Preserve_Alaska.html,"{u'status': u'OK', u'results': [{u'geometry': {u'location': {u'lat': 58.5975286, u'lng': -154.6937285}, u'viewport': {u'northeast': {u'lat': 58.59887758029151, u'lng': -154.6923795197085}, u'southwest': {u'lat': 58.59617961970849, u'lng': -154.6950774802915}}, u'location_type': u'APPROXIMATE'}, u'address_components': [{u'long_name': u'Katmai National Park and Preserve', u'types': [u'establishment', u'park', u'point_of_interest'], u'short_name': u'Katmai National Park and Preserve'}, {u'long_name': u'King Salmon', u'types': [u'locality', u'political'], u'short_name': u'King Salmon'}, {u'long_name': u'Lake and Peninsula', u'types': [u'administrative_area_level_2', u'political'], u'short_name': u'Lake and Peninsula'}, {u'long_name': u'Alaska', u'types': [u'administrative_area_level_1', u'political'], u'short_name': u'AK'}, {u'long_name': u'United States', u'types': [u'country', u'political'], u'short_name': u'US'}, {u'long_name': u'99613', u'types': [u'postal_code'], u'short_name': u'99613'}], u'place_id': u'ChIJlVS0K-7C6VYR8unqDr4HTUw', u'formatted_address': u'Katmai National Park and Preserve, King Salmon, AK 99613, USA', u'types': [u'establishment', u'park', u'point_of_interest']}]}",NationalPark,480
34,Kenai Fjords National Park,,,AK,Alaska,,United States,"Kenai Fjords National Park, Alaska, USA",60.0437764,-149.8163644,,5,0,National Park,,yes,"Near Seward on the Kenai Peninsula, this park protects the Harding Icefield and at least 38 glaciers and fjords stemming from it. The only area accessible to the public by road is Exit Glacier; the rest must be viewed or reached from boat tours.",https://www.tripadvisor.com/Attractions-g143039-Activities-Kenai_Fjords_National_Park_Alaska.html,"{u'status': u'OK', u'results': [{u'geometry': {u'location': {u'lat': 60.04377640000001, u'lng': -149.8163644}, u'viewport': {u'northeast': {u'lat': 60.04512538029151, u'lng': -149.8150154197085}, u'southwest': {u'lat': 60.0424274197085, u'lng': -149.8177133802915}}, u'location_type': u'APPROXIMATE'}, u'address_components': [{u'long_name': u'Kenai Fjords National Park', u'types': [u'establishment', u'park', u'point_of_interest'], u'short_name': u'Kenai Fjords National Park'}, {u'long_name': u'Kenai Peninsula Borough', u'types': [u'administrative_area_level_2', u'political'], u'short_name': u'Kenai Peninsula Borough'}, {u'long_name': u'Alaska', u'types': [u'administrative_area_level_1', u'political'], u'short_name': u'AK'}, {u'long_name': u'United States', u'types': [u'country', u'political'], u'short_name': u'US'}], u'place_id': u'ChIJCaoIBmOcx1YRZNwuJ-08FBI', u'formatted_address': u'Kenai Fjords National Park, Alaska, USA', u'types': [u'establishment', u'park', u'point_of_interest']}]}",NationalPark,480
35,Sequoia and Kings Canyon National Park,,,CA,California,,United States,"Kings Canyon National Park, California, USA",36.8878548,-118.5551477,,5,0,National Park,,yes,"Home to several giant sequoia groves and the General Grant Tree, the world's second largest measured tree, this park also features part of the Kings River, sculptor of the dramatic granite canyon that is its namesake, and the San Joaquin River, as well as Boyden Cave. (BR)",https://www.tripadvisor.com/Attractions-g143050-Activities-Sequoia_and_Kings_Canyon_National_Park_California.html,"{u'status': u'OK', u'results': [{u'geometry': {u'location': {u'lat': 36.8878548, u'lng': -118.5551477}, u'viewport': {u'northeast': {u'lat': 36.8892037802915, u'lng': -118.5537987197085}, u'southwest': {u'lat': 36.8865058197085, u'lng': -118.5564966802915}}, u'location_type': u'APPROXIMATE'}, u'address_components': [{u'long_name': u'Kings Canyon National Park', u'types': [u'establishment', u'park', u'point_of_interest'], u'short_name': u'Kings Canyon National Park'}, {u'long_name': u'California', u'types': [u'administrative_area_level_1', u'political'], u'short_name': u'CA'}, {u'long_name': u'United States', u'types': [u'country', u'political'], u'short_name': u'US'}], u'place_id': u'ChIJe6fxX-7Vv4ARTA9DcLeDZII', u'formatted_address': u'Kings Canyon National Park, California, USA', u'types': [u'establishment', u'park', u'point_of_interest']}]}",NationalPark,480
36,Kobuk Valley National Park,3rd Ave,Kotzebue,AK,Alaska,99752,United States,"Kobuk Valley National Park, 171 3rd Ave, Kotzebue, AK 99752, USA",67.3356197,-159.1243162,,5,0,National Park,,yes,"Kobuk Valley protects 61 miles (98 km) of the Kobuk River and three regions of sand dunes. Created by glaciers, the Great Kobuk, Little Kobuk, and Hunt River Sand Dunes can reach 100 feet (30 m) high and 100 °F (38 °C), and they are the largest dunes in the Arctic. Twice a year, half a million caribou migrate through the dunes and across river bluffs that expose well-preserved ice age fossils.",https://www.tripadvisor.com/Attractions-g143040-Activities-Kobuk_Valley_National_Park_Alaska.html,"{u'status': u'OK', u'results': [{u'geometry': {u'location': {u'lat': 67.3356197, u'lng': -159.1243162}, u'viewport': {u'northeast': {u'lat': 67.3369686802915, u'lng': -159.1229672197085}, u'southwest': {u'lat': 67.3342707197085, u'lng': -159.1256651802915}}, u'location_type': u'APPROXIMATE'}, u'address_components': [{u'long_name': u'Kobuk Valley National Park', u'types': [u'establishment', u'park', u'point_of_interest'], u'short_name': u'Kobuk Valley National Park'}, {u'long_name': u'171', u'types': [u'street_number'], u'short_name': u'171'}, {u'long_name': u'3rd Ave', u'types': [u'route'], u'short_name': u'3rd Ave'}, {u'long_name': u'Kotzebue', u'types': [u'locality', u'political'], u'short_name': u'Kotzebue'}, {u'long_name': u'Northwest Arctic', u'types': [u'administrative_area_level_2', u'political'], u'short_name': u'Northwest Arctic'}, {u'long_name': u'Alaska', u'types': [u'administrative_area_level_1', u'political'], u'short_name': u'AK'}, {u'long_name': u'United States', u'types': [u'country', u'political'], u'short_name': u'US'}, {u'long_name': u'99752', u'types': [u'postal_code'], u'short_name': u'99752'}], u'place_id': u'ChIJE-20n-0s0lARk3RiU6AV2_g', u'formatted_address': u'Kobuk Valley National Park, 171 3rd Ave, Kotzebue, AK 99752, USA', u'types': [u'establishment', u'park', u'point_of_interest']}]}",NationalPark,480
37,Lake Clark National Park and Preserve,,Port Alsworth,AK,Alaska,99653,United States,"Lake Clark National Park and Preserve, General Delivery,, Port Alsworth, AK 99653, United States",60.4126957,-154.3234954,,5,0,National Park,,yes,"The region around Lake Clark features four active volcanoes, including Mount Redoubt, as well as an abundance of rivers, glaciers, and waterfalls. Temperate rainforests, a tundra plateau, and three mountain ranges complete the landscape.",https://www.tripadvisor.com/Attractions-g143041-Activities-Lake_Clark_National_Park_and_Preserve_Alaska.html,"{u'status': u'OK', u'results': [{u'geometry': {u'location': {u'lat': 60.4126957, u'lng': -154.3234954}, u'viewport': {u'northeast': {u'lat': 60.4140446802915, u'lng': -154.3221464197085}, u'southwest': {u'lat': 60.4113467197085, u'lng': -154.3248443802915}}, u'location_type': u'APPROXIMATE'}, u'address_components': [{u'long_name': u'Lake Clark National Park and Preserve', u'types': [u'establishment', u'park', u'point_of_interest'], u'short_name': u'Lake Clark National Park and Preserve'}, {u'long_name': u'Port Alsworth', u'types': [u'locality', u'political'], u'short_name': u'Port Alsworth'}, {u'long_name': u'Alaska', u'types': [u'administrative_area_level_1', u'political'], u'short_name': u'AK'}, {u'long_name': u'United States', u'types': [u'country', u'political'], u'short_name': u'US'}, {u'long_name': u'99653', u'types': [u'postal_code'], u'short_name': u'99653'}], u'place_id': u'ChIJ3zB887XwxFYRyVL1kgdfI24', u'formatted_address': u'Lake Clark National Park and Preserve, General Delivery,, Port Alsworth, AK 99653, United States', u'types': [u'establishment', u'park', u'point_of_interest']}]}",NationalPark,480
38,Lassen Volcanic National Park,,,CA,California,,United States,"Lassen Volcanic National Park, California, USA",40.49766,-121.4206552,,5,0,National Park,,yes,"Lassen Peak, the largest plug dome volcano in the world, is joined by all three other types of volcanoes in this park: shield, cinder dome, and composite. Though Lassen itself last erupted in 1915, most of the rest of the park is continuously active. Numerous hydrothermal features, including fumaroles, boiling pools, and bubbling mud pots, are heated by molten rock from beneath the peak.",https://www.tripadvisor.com/Attractions-g143042-Activities-Lassen_Volcanic_National_Park_California.html,"{u'status': u'OK', u'results': [{u'geometry': {u'location': {u'lat': 40.49766, u'lng': -121.4206552}, u'viewport': {u'northeast': {u'lat': 40.49900898029149, u'lng': -121.4193062197085}, u'southwest': {u'lat': 40.4963110197085, u'lng': -121.4220041802915}}, u'location_type': u'APPROXIMATE'}, u'address_components': [{u'long_name': u'Lassen Volcanic National Park', u'types': [u'establishment', u'park', u'point_of_interest'], u'short_name': u'Lassen Volcanic National Park'}, {u'long_name': u'California', u'types': [u'administrative_area_level_1', u'political'], u'short_name': u'CA'}, {u'long_name': u'United States', u'types': [u'country', u'political'], u'short_name': u'US'}], u'place_id': u'ChIJvzhBwQdWnYARQmdmeqfYNI8', u'formatted_address': u'Lassen Volcanic National Park, California, USA', u'types': [u'establishment', u'park', u'point_of_interest']}]}",NationalPark,480
39,Mammoth Cave National Park,,,KY,Kentucky,,United States,"Mammoth Cave National Park, Kentucky, USA",37.1869978,-86.100528,,5,0,National Park,,yes,"With more than 400 miles (640 km) of passageways explored, Mammoth Cave is the world's longest known cave system. Subterranean wildlife includes eight bat species, Kentucky cave shrimp, Northern cavefish, and cave salamanders. Above ground, the park provides recreation on the Green River, 70 miles of hiking trails, and plenty of sinkholes and springs. (WHS) (BR)",https://www.tripadvisor.com/Attractions-g143043-Activities-Mammoth_Cave_National_Park_Kentucky.html,"{u'status': u'OK', u'results': [{u'geometry': {u'location': {u'lat': 37.1869978, u'lng': -86.100528}, u'viewport': {u'northeast': {u'lat': 37.1883467802915, u'lng': -86.0991790197085}, u'southwest': {u'lat': 37.1856488197085, u'lng': -86.10187698029151}}, u'location_type': u'APPROXIMATE'}, u'address_components': [{u'long_name': u'Mammoth Cave National Park', u'types': [u'establishment', u'natural_feature', u'park', u'point_of_interest'], u'short_name': u'Mammoth Cave National Park'}, {u'long_name': u'Kentucky', u'types': [u'administrative_area_level_1', u'political'], u'short_name': u'KY'}, {u'long_name': u'United States', u'types': [u'country', u'political'], u'short_name': u'US'}], u'place_id': u'ChIJV3vJlE0CZogRwKOAYKCziB8', u'formatted_address': u'Mammoth Cave National Park, Kentucky, USA', u'types': [u'establishment', u'natural_feature', u'park', u'point_of_interest']}]}",NationalPark,480
40,Mesa Verde National Park,,Mesa Verde,CO,Colorado,,United States,"Mesa Verde National Park, Mesa Verde, CO, USA",37.2308729,-108.4618335,,5,0,National Park,,yes,"This area constitutes over 4,000 archaeological sites of the Ancestral Puebloan people, who lived here and elsewhere in the Four Corners region for at least 700 years. Cliff dwellings built in the 12th and 13th centuries include Cliff Palace, which has 150 rooms and 23 kivas, and the Balcony House, with its many passages and tunnels. (WHS)",https://www.tripadvisor.com/Attractions-g60900-Activities-Mesa_Verde_National_Park_Colorado.html,"{u'status': u'OK', u'results': [{u'geometry': {u'location': {u'lat': 37.2308729, u'lng': -108.4618335}, u'viewport': {u'northeast': {u'lat': 37.2322218802915, u'lng': -108.4604845197085}, u'southwest': {u'lat': 37.2295239197085, u'lng': -108.4631824802915}}, u'location_type': u'APPROXIMATE'}, u'address_components': [{u'long_name': u'Mesa Verde National Park', u'types': [u'establishment', u'park', u'point_of_interest'], u'short_name': u'Mesa Verde National Park'}, {u'long_name': u'Mesa Verde', u'types': [u'locality', u'political'], u'short_name': u'Mesa Verde'}, {u'long_name': u'Montezuma County', u'types': [u'administrative_area_level_2', u'political'], u'short_name': u'Montezuma County'}, {u'long_name': u'Colorado', u'types': [u'administrative_area_level_1', u'political'], u'short_name': u'CO'}, {u'long_name': u'United States', u'types': [u'country', u'political'], u'short_name': u'US'}], u'place_id': u'ChIJH3HXLr9gOYcRYxj2G6KV9nk', u'formatted_address': u'Mesa Verde National Park, Mesa Verde, CO, USA', u'types': [u'establishment', u'park', u'point_of_interest']}]}",NationalPark,480
41,Mount Rainier National Park,,,WA,Washington,,United States,"Mount Rainier National Park, Washington, USA",46.8799663,-121.7269094,,5,0,National Park,,yes,"Mount Rainier, an active stratovolcano, is the most prominent peak in the Cascades, and is covered by 26 named glaciers including Carbon Glacier and Emmons Glacier, the largest in the contiguous United States. The mountain is popular for climbing, and more than half of the park is covered by subalpine and alpine forests and meadows seasonally in bloom with wildflowers. Paradise on the south slope is the snowiest place on Earth where snowfall is measured regularly. The Longmire visitor center is the start of the Wonderland Trail, which encircles the mountain.",https://www.tripadvisor.com/Attractions-g143044-Activities-Mount_Rainier_National_Park_Washington.html,"{u'status': u'OK', u'results': [{u'geometry': {u'location': {u'lat': 46.8799663, u'lng': -121.7269094}, u'viewport': {u'northeast': {u'lat': 46.8813152802915, u'lng': -121.7255604197085}, u'southwest': {u'lat': 46.8786173197085, u'lng': -121.7282583802915}}, u'location_type': u'APPROXIMATE'}, u'address_components': [{u'long_name': u'Mount Rainier National Park', u'types': [u'establishment', u'park', u'point_of_interest'], u'short_name': u'Mount Rainier National Park'}, {u'long_name': u'Washington', u'types': [u'administrative_area_level_1', u'political'], u'short_name': u'WA'}, {u'long_name': u'United States', u'types': [u'country', u'political'], u'short_name': u'US'}], u'place_id': u'ChIJh0vJ7ubNkFQRGKSRT_uh9Fw', u'formatted_address': u'Mount Rainier National Park, Washington, USA', u'types': [u'establishment', u'park', u'point_of_interest']}]}",NationalPark,480
42,North Cascades National Park,,,WA,Washington,,United States,"North Cascades National Park, Washington, USA",48.7718174,-121.2984648,,5,0,National Park,,yes,"This complex encompasses two units of the national park itself as well as the Ross Lake and Lake Chelan National Recreation Areas. The highly glaciated mountains are spectacular examples of Cascade geology. Popular hiking and climbing areas include Cascade Pass, Mount Shuksan, Mount Triumph, and Eldorado Peak.",https://www.tripadvisor.com/Attractions-g143046-Activities-North_Cascades_National_Park_Washington.html,"{u'status': u'OK', u'results': [{u'geometry': {u'location': {u'lat': 48.7718174, u'lng': -121.2984648}, u'viewport': {u'northeast': {u'lat': 48.77316638029149, u'lng': -121.2971158197085}, u'southwest': {u'lat': 48.77046841970849, u'lng': -121.2998137802915}}, u'location_type': u'APPROXIMATE'}, u'address_components': [{u'long_name': u'North Cascades National Park', u'types': [u'establishment', u'park', u'point_of_interest'], u'short_name': u'North Cascades National Park'}, {u'long_name': u'Washington', u'types': [u'administrative_area_level_1', u'political'], u'short_name': u'WA'}, {u'long_name': u'United States', u'types': [u'country', u'political'], u'short_name': u'US'}], u'place_id': u'ChIJEfRsULgShVQR7TNkrrBPCFI', u'formatted_address': u'North Cascades National Park, Washington, USA', u'types': [u'establishment', u'park', u'point_of_interest']}]}",NationalPark,480
43,Olympic National Park,Mt Angeles Rd,Port Angeles,WA,Washington,98362,United States,"Olympic National Park, 3002 Mt Angeles Rd, Port Angeles, WA 98362, USA",47.8021067,-123.6043524,,5,0,National Park,,yes,"Situated on the Olympic Peninsula, this park includes a wide range of ecosystems from Pacific shoreline to temperate rainforests to the alpine slopes of Mount Olympus. The scenic Olympic Mountains overlook the Hoh Rain Forest and Quinault Rain Forest, the wettest area in the contiguous United States, with the Hoh receiving an average of almost 12 ft (3.7 m) of rain every year. (WHS) (BR)",https://www.tripadvisor.com/Attractions-g143047-Activities-Olympic_National_Park_Washington.html,"{u'status': u'OK', u'results': [{u'geometry': {u'location': {u'lat': 47.8021067, u'lng': -123.6043524}, u'viewport': {u'northeast': {u'lat': 47.80345568029149, u'lng': -123.6030034197085}, u'southwest': {u'lat': 47.8007577197085, u'lng': -123.6057013802915}}, u'location_type': u'APPROXIMATE'}, u'address_components': [{u'long_name': u'Olympic National Park', u'types': [u'establishment', u'park', u'point_of_interest'], u'short_name': u'Olympic National Park'}, {u'long_name': u'3002', u'types': [u'street_number'], u'short_name': u'3002'}, {u'long_name': u'Mt Angeles Rd', u'types': [u'route'], u'short_name': u'Mt Angeles Rd'}, {u'long_name': u'Port Angeles', u'types': [u'locality', u'political'], u'short_name': u'Port Angeles'}, {u'long_name': u'Washington', u'types': [u'administrative_area_level_1', u'political'], u'short_name': u'WA'}, {u'long_name': u'United States', u'types': [u'country', u'political'], u'short_name': u'US'}, {u'long_name': u'98362', u'types': [u'postal_code'], u'short_name': u'98362'}], u'place_id': u'ChIJ0XIEzwmAjlQRUXl9squHIAA', u'formatted_address': u'Olympic National Park, 3002 Mt Angeles Rd, Port Angeles, WA 98362, USA', u'types': [u'establishment', u'park', u'point_of_interest']}]}",NationalPark,480
44,Petrified Forest National Park,,,AZ,Arizona,,United States,"Petrified Forest National Park, Arizona, USA",34.9099897,-109.8067916,,5,0,National Park,,yes,This portion of the Chinle Formation has a large concentration of 225-million-year-old petrified wood. The surrounding Painted Desert features eroded cliffs of red-hued volcanic rock called bentonite. Dinosaur fossils and over 350 Native American sites are also protected in this park.,https://www.tripadvisor.com/Attractions-g60932-Activities-Petrified_Forest_National_Park_Arizona.html,"{u'status': u'OK', u'results': [{u'geometry': {u'location': {u'lat': 34.9099897, u'lng': -109.8067916}, u'viewport': {u'northeast': {u'lat': 35.1293831, u'lng': -109.5761064}, u'southwest': {u'lat': 34.8401857, u'lng': -109.9809482}}, u'location_type': u'APPROXIMATE'}, u'address_components': [{u'long_name': u'Petrified Forest National Park', u'types': [u'establishment', u'park', u'point_of_interest'], u'short_name': u'Petrified Forest National Park'}, {u'long_name': u'Arizona', u'types': [u'administrative_area_level_1', u'political'], u'short_name': u'AZ'}, {u'long_name': u'United States', u'types': [u'country', u'political'], u'short_name': u'US'}], u'place_id': u'ChIJGxCFckadL4cRvzW0SUXpz64', u'formatted_address': u'Petrified Forest National Park, Arizona, USA', u'types': [u'establishment', u'park', u'point_of_interest']}]}",NationalPark,480
45,Pinnacles National Park,5000 CA-Hwy 146,Paicines,CA,CA,95043,United States,"5000 CA-Hwy 146, Paicines, CA, 95043, United States",36.48696,-121.2135222,374,5,0,"National Parks, Nature & Parks",More than 3 hours,yes,"Named for the eroded leftovers of a portion of an extinct volcano, the park's massive black and gold monoliths of andesite and rhyolite are a popular destination for rock climbers. Hikers have access to trails crossing the Coast Range wilderness. The park is home to the endangered California condor (Gymnogyps californianus) and one of the few locations in the world where these extremely rare birds can be seen in the wild. Pinnacles also supports a dense population of prairie falcons, and more than 13 species of bat which populate its talus caves.",https://www.tripadvisor.com/Attraction_Review-g60935-d143240-Reviews-Pinnacles_National_Park-Paicines_California.html,"{u'status': u'OK', u'results': [{u'geometry': {u'location_type': u'RANGE_INTERPOLATED', u'bounds': {u'northeast': {u'lat': 36.4869749, u'lng': -121.2135222}, u'southwest': {u'lat': 36.48696, u'lng': -121.2135254}}, u'viewport': {u'northeast': {u'lat': 36.4883164302915, u'lng': -121.2121748197085}, u'southwest': {u'lat': 36.48561846970851, u'lng': -121.2148727802915}}, u'location': {u'lat': 36.48696, u'lng': -121.2135222}}, u'address_components': [{u'long_name': u'5000', u'types': [u'street_number'], u'short_name': u'5000'}, {u'long_name': u'California 146', u'types': [u'route'], u'short_name': u'CA-146'}, {u'long_name': u'Paicines', u'types': [u'locality', u'political'], u'short_name': u'Paicines'}, {u'long_name': u'San Benito County', u'types': [u'administrative_area_level_2', u'political'], u'short_name': u'San Benito County'}, {u'long_name': u'California', u'types': [u'administrative_area_level_1', u'political'], u'short_name': u'CA'}, {u'long_name': u'United States', u'types': [u'country', u'political'], u'short_name': u'US'}, {u'long_name': u'95043', u'types': [u'postal_code'], u'short_name': u'95043'}], u'place_id': u'EiQ1MDAwIENBLTE0NiwgUGFpY2luZXMsIENBIDk1MDQzLCBVU0E', u'formatted_address': u'5000 CA-146, Paicines, CA 95043, USA', u'types': [u'street_address']}]}",NationalPark,180
46,Redwood National Park,,,CA,California,,United States,"Redwood National and State Parks, California, USA",41.2131788,-124.0046276,,5,0,National Park,,yes,"This park and the co-managed state parks protect almost half of all remaining coastal redwoods, the tallest trees on earth. There are three large river systems in this very seismically active area, and 37 miles (60 km) of protected coastline reveal tide pools and seastacks. The prairie, estuary, coast, river, and forest ecosystems contain a wide variety of animal and plant species. (WHS)",https://www.tripadvisor.com/Attractions-g2193168-Activities-Redwood_National_Park_California.html,"{u'status': u'OK', u'results': [{u'geometry': {u'location': {u'lat': 41.2131788, u'lng': -124.0046276}, u'viewport': {u'northeast': {u'lat': 41.2145277802915, u'lng': -124.0032786197085}, u'southwest': {u'lat': 41.21182981970851, u'lng': -124.0059765802915}}, u'location_type': u'APPROXIMATE'}, u'address_components': [{u'long_name': u'Redwood National and State Parks', u'types': [u'establishment', u'park', u'point_of_interest'], u'short_name': u'Redwood National and State Parks'}, {u'long_name': u'California', u'types': [u'administrative_area_level_1', u'political'], u'short_name': u'CA'}, {u'long_name': u'United States', u'types': [u'country', u'political'], u'short_name': u'US'}], u'place_id': u'ChIJpX9B9TZm0FQRjl87lWYyzzY', u'formatted_address': u'Redwood National and State Parks, California, USA', u'types': [u'establishment', u'park', u'point_of_interest']}]}",NationalPark,480
47,Rocky Mountain National Park,,,CO,Colorado,,United States,"Rocky Mountain National Park, Colorado, USA",40.3427932,-105.6836389,,5,0,National Park,,yes,"Bisected north to south by the Continental Divide, this portion of the Rockies has ecosystems varying from over 150 riparian lakes to montane and subalpine forests to treeless alpine tundra. Wildlife including mule deer, bighorn sheep, black bears, and cougars inhabit its igneous mountains and glacial valleys. Longs Peak, a classic Colorado fourteener, and the scenic Bear Lake are popular destinations, as well as the historic Trail Ridge Road, which reaches an elevation of more than 12,000 feet (3,700 m). (BR)",https://www.tripadvisor.com/Attractions-g143048-Activities-Rocky_Mountain_National_Park_Colorado.html,"{u'status': u'OK', u'results': [{u'geometry': {u'location': {u'lat': 40.3427932, u'lng': -105.6836389}, u'viewport': {u'northeast': {u'lat': 40.34414218029149, u'lng': -105.6822899197085}, u'southwest': {u'lat': 40.34144421970849, u'lng': -105.6849878802915}}, u'location_type': u'APPROXIMATE'}, u'address_components': [{u'long_name': u'Rocky Mountain National Park', u'types': [u'establishment', u'park', u'point_of_interest', u'political'], u'short_name': u'Rocky Mountain National Park'}, {u'long_name': u'Colorado', u'types': [u'administrative_area_level_1', u'political'], u'short_name': u'CO'}, {u'long_name': u'United States', u'types': [u'country', u'political'], u'short_name': u'US'}], u'place_id': u'ChIJ6QNZReR5aYcRF4KOp0PuJ_o', u'formatted_address': u'Rocky Mountain National Park, Colorado, USA', u'types': [u'establishment', u'park', u'point_of_interest', u'political']}]}",NationalPark,480
48,Saguaro National Park,,,AZ,Arizona,,United States,"Saguaro National Park, Arizona, USA",32.2967359,-111.166615,,5,0,National Park,,yes,"Split into the separate Rincon Mountain and Tucson Mountain districts, this park is evidence that the dry Sonoran Desert is still home to a great variety of life spanning six biotic communities. Beyond the namesake giant saguaro cacti, there are barrel cacti, chollas, and prickly pears, as well as lesser long-nosed bats, spotted owls, and javelinas.",https://www.tripadvisor.com/Attractions-g143049-Activities-Saguaro_National_Park_Arizona.html,"{u'status': u'OK', u'results': [{u'geometry': {u'location': {u'lat': 32.2967359, u'lng': -111.166615}, u'viewport': {u'northeast': {u'lat': 32.2980848802915, u'lng': -111.1652660197085}, u'southwest': {u'lat': 32.29538691970851, u'lng': -111.1679639802915}}, u'location_type': u'APPROXIMATE'}, u'address_components': [{u'long_name': u'Saguaro National Park', u'types': [u'establishment', u'park', u'point_of_interest'], u'short_name': u'Saguaro National Park'}, {u'long_name': u'Pima County', u'types': [u'administrative_area_level_2', u'political'], u'short_name': u'Pima County'}, {u'long_name': u'Arizona', u'types': [u'administrative_area_level_1', u'political'], u'short_name': u'AZ'}, {u'long_name': u'United States', u'types': [u'country', u'political'], u'short_name': u'US'}], u'place_id': u'ChIJY3ZWFrpv1oYRKo6u5b-Wx5E', u'formatted_address': u'Saguaro National Park, Arizona, USA', u'types': [u'establishment', u'park', u'point_of_interest']}]}",NationalPark,480
49,Sequoia and Kings Canyon National Park,,,CA,California,,United States,"Sequoia National Park, California, USA",36.4863668,-118.5657516,,5,0,National Park,,yes,"This park protects the Giant Forest, which boasts some of the world's largest trees, the General Sherman being the largest measured tree in the park. Other features include over 240 caves, a long segment of the Sierra Nevada including the tallest mountain in the contiguous United States, and Moro Rock, a large granite dome. (BR)",https://www.tripadvisor.com/Attractions-g143050-Activities-Sequoia_and_Kings_Canyon_National_Park_California.html,"{u'status': u'OK', u'results': [{u'geometry': {u'location': {u'lat': 36.4863668, u'lng': -118.5657516}, u'viewport': {u'northeast': {u'lat': 36.4877157802915, u'lng': -118.5644026197085}, u'southwest': {u'lat': 36.4850178197085, u'lng': -118.5671005802915}}, u'location_type': u'APPROXIMATE'}, u'address_components': [{u'long_name': u'Sequoia National Park', u'types': [u'establishment', u'park', u'point_of_interest'], u'short_name': u'Sequoia National Park'}, {u'long_name': u'Tulare County', u'types': [u'administrative_area_level_2', u'political'], u'short_name': u'Tulare County'}, {u'long_name': u'California', u'types': [u'administrative_area_level_1', u'political'], u'short_name': u'CA'}, {u'long_name': u'United States', u'types': [u'country', u'political'], u'short_name': u'US'}], u'place_id': u'ChIJeWUZLX37v4ARZPQen_nfCkQ', u'formatted_address': u'Sequoia National Park, California, USA', u'types': [u'establishment', u'park', u'point_of_interest']}]}",NationalPark,480
50,Shenandoah National Park,,,,Virginia,,United States,"Shenandoah National Park, Virginia, USA",38.2927558,-78.6795836,,5,0,National Park,,yes,"Shenandoah's Blue Ridge Mountains are covered by hardwood forests that teem with a wide variety of wildlife. The Skyline Drive and Appalachian Trail run the entire length of this narrow park, along with more than 500 miles (800 km) of hiking trails passing scenic overlooks and cataracts of the Shenandoah River.",https://www.tripadvisor.com/Attractions-g143051-Activities-Shenandoah_National_Park_Virginia.html,"{u'status': u'OVER_QUERY_LIMIT', u'error_message': u'You have exceeded your rate-limit for this API.', u'results': []}",NationalPark,480
51,Theodore Roosevelt National Park,,,ND,North Dakota,,United States,"Theodore Roosevelt National Park, North Dakota, USA",46.978965,-103.5387091,,5,0,National Park,,yes,"This region that enticed and influenced President Theodore Roosevelt consists of a park of three units in the northern badlands. Besides Roosevelt's historic cabin, there are numerous scenic drives and backcountry hiking opportunities. Wildlife includes American bison, pronghorn, bighorn sheep, and wild horses.",https://www.tripadvisor.com/Attractions-g143052-Activities-Theodore_Roosevelt_National_Park_North_Dakota.html,"{u'status': u'OK', u'results': [{u'geometry': {u'location': {u'lat': 46.978965, u'lng': -103.5387091}, u'viewport': {u'northeast': {u'lat': 46.98031398029149, u'lng': -103.5373601197085}, u'southwest': {u'lat': 46.9776160197085, u'lng': -103.5400580802915}}, u'location_type': u'APPROXIMATE'}, u'address_components': [{u'long_name': u'Theodore Roosevelt National Park', u'types': [u'establishment', u'park', u'point_of_interest'], u'short_name': u'Theodore Roosevelt National Park'}, {u'long_name': u'North Dakota', u'types': [u'administrative_area_level_1', u'political'], u'short_name': u'ND'}, {u'long_name': u'United States', u'types': [u'country', u'political'], u'short_name': u'US'}], u'place_id': u'ChIJk_529_7nJVMRq8ScuXcuYZU', u'formatted_address': u'Theodore Roosevelt National Park, North Dakota, USA', u'types': [u'establishment', u'park', u'point_of_interest']}]}",NationalPark,480
52,Virgin Islands National Park,,,St John,United States Virgin Islands,,U.S. Virgin Islands,"Virgin Islands National Park, St John, USVI",18.3424047,-64.7485759,,5,0,National Park,,yes,"This island park on Saint John preserves Taíno archaeological sites and the ruins of sugar plantations from Columbus' time, as well as all the natural environs. Surrounding the pristine beaches are mangrove forests, seagrass beds, and coral reefs. (BR)",https://www.tripadvisor.com/Attractions-g147411-Activities-Virgin_Islands_National_Park_St_John_U_S_Virgin_Islands.html,"{u'status': u'OK', u'results': [{u'geometry': {u'location': {u'lat': 18.3424047, u'lng': -64.74857589999999}, u'viewport': {u'northeast': {u'lat': 18.3437536802915, u'lng': -64.74722691970848}, u'southwest': {u'lat': 18.3410557197085, u'lng': -64.74992488029149}}, u'location_type': u'APPROXIMATE'}, u'address_components': [{u'long_name': u'Virgin Islands National Park', u'types': [u'establishment', u'park', u'point_of_interest'], u'short_name': u'Virgin Islands National Park'}, {u'long_name': u'St. John', u'types': [u'administrative_area_level_1', u'political'], u'short_name': u'St John'}, {u'long_name': u'U.S. Virgin Islands', u'types': [u'country', u'political'], u'short_name': u'VI'}], u'place_id': u'ChIJm6uiKCASBYwRBgHYhIjkW7c', u'formatted_address': u'Virgin Islands National Park, St John, USVI', u'types': [u'establishment', u'park', u'point_of_interest']}]}",NationalPark,480
53,Voyageurs National Park,Minnesota 11,International Falls,MN,Minnesota,56649,United States,"Voyageurs National Park, 360 Minnesota 11, International Falls, MN 56649, USA",48.5847027,-93.1611106,,5,0,National Park,,yes,"This park protecting four lakes near the Canada–US border is a site for canoeing, kayaking, and fishing. The park also preserves a history populated by Ojibwe Native Americans, French fur traders called voyageurs, and gold miners. Formed by glaciers, the region features tall bluffs, rock gardens, islands, bays, and several historic buildings.",https://www.tripadvisor.com/Attractions-g143054-Activities-Voyageurs_National_Park_Minnesota.html,"{u'status': u'OK', u'results': [{u'geometry': {u'location': {u'lat': 48.5847027, u'lng': -93.1611106}, u'viewport': {u'northeast': {u'lat': 48.5860516802915, u'lng': -93.1597616197085}, u'southwest': {u'lat': 48.58335371970851, u'lng': -93.16245958029151}}, u'location_type': u'APPROXIMATE'}, u'address_components': [{u'long_name': u'360', u'types': [u'street_number'], u'short_name': u'360'}, {u'long_name': u'Voyageurs National Park', u'types': [u'establishment', u'point_of_interest'], u'short_name': u'Voyageurs National Park'}, {u'long_name': u'Minnesota 11', u'types': [u'route'], u'short_name': u'Minnesota 11'}, {u'long_name': u'International Falls', u'types': [u'locality', u'political'], u'short_name': u'International Falls'}, {u'long_name': u'Rainy Lake', u'types': [u'administrative_area_level_3', u'political'], u'short_name': u'Rainy Lake'}, {u'long_name': u'Koochiching County', u'types': [u'administrative_area_level_2', u'political'], u'short_name': u'Koochiching County'}, {u'long_name': u'Minnesota', u'types': [u'administrative_area_level_1', u'political'], u'short_name': u'MN'}, {u'long_name': u'United States', u'types': [u'country', u'political'], u'short_name': u'US'}, {u'long_name': u'56649', u'types': [u'postal_code'], u'short_name': u'56649'}], u'place_id': u'ChIJt8tXYFpnu1IRZOHE3B-lyUU', u'formatted_address': u'Voyageurs National Park, 360 Minnesota 11, International Falls, MN 56649, USA', u'types': [u'establishment', u'point_of_interest', u'travel_agency']}]}",NationalPark,480
54,Wind Cave National Park,,,SD,South Dakota,,United States,"Wind Cave National Park, South Dakota, USA",43.6045811,-103.4213433,,5,0,National Park,,yes,"Wind Cave is distinctive for its calcite fin formations called boxwork, a unique formation rarely found elsewhere, and needle-like growths called frostwork. The cave is one of the longest and most complex caves in the world. Above ground is a mixed-grass prairie with animals such as bison, black-footed ferrets, and prairie dogs, and ponderosa pine forests that are home to cougars and elk. The cave is culturally significant to the Lakota people as the site ""from which Wakan Tanka, the Great Mystery, sent the buffalo out into their hunting grounds.""",https://www.tripadvisor.com/Attractions-g143055-Activities-Wind_Cave_National_Park_South_Dakota.html,"{u'status': u'OK', u'results': [{u'geometry': {u'location': {u'lat': 43.6045811, u'lng': -103.4213433}, u'viewport': {u'northeast': {u'lat': 43.6059300802915, u'lng': -103.4199943197085}, u'southwest': {u'lat': 43.6032321197085, u'lng': -103.4226922802915}}, u'location_type': u'APPROXIMATE'}, u'address_components': [{u'long_name': u'Wind Cave National Park', u'types': [u'establishment', u'park', u'point_of_interest'], u'short_name': u'Wind Cave National Park'}, {u'long_name': u'Custer County', u'types': [u'administrative_area_level_2', u'political'], u'short_name': u'Custer County'}, {u'long_name': u'South Dakota', u'types': [u'administrative_area_level_1', u'political'], u'short_name': u'SD'}, {u'long_name': u'United States', u'types': [u'country', u'political'], u'short_name': u'US'}], u'place_id': u'ChIJc9VWJGjWfIcRf6VZJY9Q7Tk', u'formatted_address': u'Wind Cave National Park, South Dakota, USA', u'types': [u'establishment', u'park', u'point_of_interest']}]}",NationalPark,480
55,Wrangell-St Elias National Park and Preserve,,,AK,Alaska,,United States,"Wrangell-St. Elias National Park & Preserve, Alaska, USA",61.7104448,-142.9856804,,5,0,National Park,,yes,"An over 8 million acres (32,375 km2) plot of mountainous country—the largest national park in the system—protects the convergence of the Alaska, Chugach, and Wrangell-Saint Elias Ranges, which include many of the continent's tallest mountains and volcanoes, including the 18,008-foot Mount Saint Elias. More than a quarter of the park is covered with glaciers, including the tidewater Hubbard Glacier, piedmont Malaspina Glacier, and valley Nabesna Glacier. (WHS)",https://www.tripadvisor.com/Attractions-g143056-Activities-Wrangell_St_Elias_National_Park_and_Preserve_Alaska.html,"{u'status': u'OK', u'results': [{u'geometry': {u'location': {u'lat': 61.7104448, u'lng': -142.9856804}, u'viewport': {u'northeast': {u'lat': 61.71179378029151, u'lng': -142.9843314197085}, u'southwest': {u'lat': 61.70909581970849, u'lng': -142.9870293802915}}, u'location_type': u'APPROXIMATE'}, u'address_components': [{u'long_name': u'Wrangell-St. Elias National Park & Preserve', u'types': [u'establishment', u'park', u'point_of_interest'], u'short_name': u'Wrangell-St. Elias National Park & Preserve'}, {u'long_name': u'Alaska', u'types': [u'administrative_area_level_1', u'political'], u'short_name': u'AK'}, {u'long_name': u'United States', u'types': [u'country', u'political'], u'short_name': u'US'}], u'place_id': u'ChIJK_UwKpOss1YRasgF0kXiiBU', u'formatted_address': u'Wrangell-St. Elias National Park & Preserve, Alaska, USA', u'types': [u'establishment', u'park', u'point_of_interest']}]}",NationalPark,480
56,Yellowstone National Park,,,,Wyoming,,United States,"Yellowstone National Park, United States",44.427963,-110.588455,,5,0,National Park,,yes,"Situated on the Yellowstone Caldera, the park has an expansive network of geothermal areas including boiling mud pots, vividly colored hot springs such as Grand Prismatic Spring, and regularly erupting geysers, the best-known being Old Faithful. The yellow-hued Grand Canyon of the Yellowstone River contains several high waterfalls, while four mountain ranges traverse the park. More than 60 mammal species including gray wolves, grizzly bears, black bears, lynxes, bison, and elk, make this park one of the best wildlife viewing spots in the country. (WHS) (BR)",https://www.tripadvisor.com/Attractions-g60999-Activities-Yellowstone_National_Park_Wyoming.html,"{u'status': u'OK', u'results': [{u'geometry': {u'location': {u'lat': 44.427963, u'lng': -110.588455}, u'viewport': {u'northeast': {u'lat': 45.0553667, u'lng': -109.927147}, u'southwest': {u'lat': 44.1162236, u'lng': -111.1009672}}, u'location_type': u'APPROXIMATE'}, u'address_components': [{u'long_name': u'Yellowstone National Park', u'types': [u'establishment', u'park', u'point_of_interest'], u'short_name': u'Yellowstone National Park'}, {u'long_name': u'United States', u'types': [u'country', u'political'], u'short_name': u'US'}], u'place_id': u'ChIJVVVVVVXlUVMRu-GPNDD5qKw', u'formatted_address': u'Yellowstone National Park, United States', u'types': [u'establishment', u'park', u'point_of_interest']}]}",NationalPark,480
57,Yosemite National Park,,,CA,California,,United States,"Yosemite National Park, California, USA",37.8651011,-119.5383294,,5,0,National Park,,yes,"Yosemite features sheer granite cliffs, exceptionally tall waterfalls, and old-growth forests at a unique intersection of geology and hydrology. Half Dome and El Capitan rise from the park's centerpiece, the glacier-carved Yosemite Valley, and from its vertical walls drop Yosemite Falls, one of North America's tallest waterfalls at 2,425 feet (739 m) high. Three giant sequoia groves, along with a pristine wilderness in the heart of the Sierra Nevada, are home to a wide variety of rare plant and animal species. (WHS)",https://www.tripadvisor.com/Attractions-g61000-Activities-Yosemite_National_Park_California.html,"{u'status': u'OK', u'results': [{u'geometry': {u'location': {u'lat': 37.8651011, u'lng': -119.5383294}, u'viewport': {u'northeast': {u'lat': 37.86645008029149, u'lng': -119.5369804197085}, u'southwest': {u'lat': 37.86375211970849, u'lng': -119.5396783802915}}, u'location_type': u'APPROXIMATE'}, u'address_components': [{u'long_name': u'Yosemite National Park', u'types': [u'establishment', u'park', u'point_of_interest'], u'short_name': u'Yosemite National Park'}, {u'long_name': u'California', u'types': [u'administrative_area_level_1', u'political'], u'short_name': u'CA'}, {u'long_name': u'United States', u'types': [u'country', u'political'], u'short_name': u'US'}], u'place_id': u'ChIJxeyK9Z3wloAR_gOA7SycJC0', u'formatted_address': u'Yosemite National Park, California, USA', u'types': [u'establishment', u'park', u'point_of_interest']}]}",NationalPark,480
58,Zion National Park,,,UT,Utah,,United States,"Zion National Park, Utah, USA",37.2982022,-113.0263005,,5,0,National Park,,yes,"Located at the junction of the Colorado Plateau, Great Basin, and Mojave Desert, this park contains sandstone features such as mesas, rock towers, and canyons, including the Virgin River Narrows. The various sandstone formations and the forks of the Virgin River create a wilderness divided into four ecosystems: desert, riparian, woodland, and coniferous forest.",https://www.tripadvisor.com/Attractions-g143057-Activities-Zion_National_Park_Utah.html,"{u'status': u'OK', u'results': [{u'geometry': {u'location': {u'lat': 37.2982022, u'lng': -113.0263005}, u'viewport': {u'northeast': {u'lat': 37.2995511802915, u'lng': -113.0249515197085}, u'southwest': {u'lat': 37.2968532197085, u'lng': -113.0276494802915}}, u'location_type': u'APPROXIMATE'}, u'address_components': [{u'long_name': u'Zion National Park', u'types': [u'establishment', u'park', u'point_of_interest'], u'short_name': u'Zion National Park'}, {u'long_name': u'Utah', u'types': [u'administrative_area_level_1', u'political'], u'short_name': u'UT'}, {u'long_name': u'United States', u'types': [u'country', u'political'], u'short_name': u'US'}], u'place_id': u'ChIJ2fhEiNDqyoAR9VY2qhU6Lnw', u'formatted_address': u'Zion National Park, Utah, USA', u'types': [u'establishment', u'park', u'point_of_interest']}]}",NationalPark,480
